id,date,state_name,state_code,district_name,district_code,station_name,latitude,longitude,basin,sub_basin,source,currentlevel,level_diff
0,04-11-2013,Andaman And Nicobar Islands,35,North And Middle Andaman,632,Laxmipur,13.28556,93.00306,Drainage Area Of Andaman And Nicobar Islands Basin,Drainage Area Of Andaman And Nicobar Islands,CGWB,0.1,-1.03
1,14-05-2014,Andaman And Nicobar Islands,35,North And Middle Andaman,632,Laxmipur,13.28556,93.00306,Drainage Area Of Andaman And Nicobar Islands Basin,Drainage Area Of Andaman And Nicobar Islands,CGWB,2.6,2.5
2,04-11-2014,Andaman And Nicobar Islands,35,North And Middle Andaman,632,Laxmipur,13.28556,93.00306,Drainage Area Of Andaman And Nicobar Islands Basin,Drainage Area Of Andaman And Nicobar Islands,CGWB,0.35,-2.25
3,14-05-2015,Andaman And Nicobar Islands,35,North And Middle Andaman,632,Laxmipur,13.28556,93.00306,Drainage Area Of Andaman And Nicobar Islands Basin,Drainage Area Of Andaman And Nicobar Islands,CGWB,2.52,2.17
4,04-11-2015,Andaman And Nicobar Islands,35,North And Middle Andaman,632,Laxmipur,13.28556,93.00306,Drainage Area Of Andaman And Nicobar Islands Basin,Drainage Area Of Andaman And Nicobar Islands,CGWB,0.69,-1.83
5,14-05-2016,Andaman And Nicobar Islands,35,North And Middle Andaman,632,Laxmipur,13.28556,93.00306,Drainage Area Of Andaman And Nicobar Islands Basin,Drainage Area Of Andaman And Nicobar Islands,CGWB,4.24,3.55
6,04-11-2016,Andaman And Nicobar Islands,35,North And Middle Andaman,632,Laxmipur,13.28556,93.00306,Drainage Area Of Andaman And Nicobar Islands Basin,Drainage Area Of Andaman And Nicobar Islands,CGWB,0.15,-4.09
7,14-05-2017,Andaman And Nicobar Islands,35,North And Middle Andaman,632,Laxmipur,13.28556,93.00306,Drainage Area Of Andaman And Nicobar Islands Basin,Drainage Area Of Andaman And Nicobar Islands,CGWB,3.08,2.93
8,04-11-2017,Andaman And Nicobar Islands,35,North And Middle Andaman,632,Laxmipur,13.28556,93.00306,Drainage Area Of Andaman And Nicobar Islands Basin,Drainage Area Of Andaman And Nicobar Islands,CGWB,0.43,-2.65
9,04-04-2018,Andaman And Nicobar Islands,35,North And Middle Andaman,632,Laxmipur,13.28556,93.00306,Drainage Area Of Andaman And Nicobar Islands Basin,Drainage Area Of Andaman And Nicobar Islands,CGWB,0.15,-0.28
10,21-11-2018,Andaman And Nicobar Islands,35,North And Middle Andaman,632,Laxmipur,13.28556,93.00306,Drainage Area Of Andaman And Nicobar Islands Basin,Drainage Area Of Andaman And Nicobar Islands,CGWB,0.45,0.3
11,04-04-2019,Andaman And Nicobar Islands,35,North And Middle Andaman,632,Laxmipur,13.28556,93.00306,Drainage Area Of Andaman And Nicobar Islands Basin,Drainage Area Of Andaman And Nicobar Islands,CGWB,0.12,-0.33
12,29-11-2019,Andaman And Nicobar Islands,35,North And Middle Andaman,632,Laxmipur,13.28556,93.00306,Drainage Area Of Andaman And Nicobar Islands Basin,Drainage Area Of Andaman And Nicobar Islands,CGWB,1.47,1.35
13,04-11-2013,Andaman And Nicobar Islands,35,North And Middle Andaman,632,Durgapur,13.23083,92.95528,Drainage Area Of Andaman And Nicobar Islands Basin,Drainage Area Of Andaman And Nicobar Islands,CGWB,1.72,0.84
14,14-05-2014,Andaman And Nicobar Islands,35,North And Middle Andaman,632,Durgapur,13.23083,92.95528,Drainage Area Of Andaman And Nicobar Islands Basin,Drainage Area Of Andaman And Nicobar Islands,CGWB,0.58,-1.14
15,04-11-2014,Andaman And Nicobar Islands,35,North And Middle Andaman,632,Durgapur,13.23083,92.95528,Drainage Area Of Andaman And Nicobar Islands Basin,Drainage Area Of Andaman And Nicobar Islands,CGWB,0.22,-0.36
16,14-05-2015,Andaman And Nicobar Islands,35,North And Middle Andaman,632,Durgapur,13.23083,92.95528,Drainage Area Of Andaman And Nicobar Islands Basin,Drainage Area Of Andaman And Nicobar Islands,CGWB,0.91,0.69
17,14-05-2016,Andaman And Nicobar Islands,35,North And Middle Andaman,632,Durgapur,13.23083,92.95528,Drainage Area Of Andaman And Nicobar Islands Basin,Drainage Area Of Andaman And Nicobar Islands,CGWB,0.81,-0.1
18,04-11-2016,Andaman And Nicobar Islands,35,North And Middle Andaman,632,Durgapur,13.23083,92.95528,Drainage Area Of Andaman And Nicobar Islands Basin,Drainage Area Of Andaman And Nicobar Islands,CGWB,1.75,0.94
19,14-05-2017,Andaman And Nicobar Islands,35,North And Middle Andaman,632,Durgapur,13.23083,92.95528,Drainage Area Of Andaman And Nicobar Islands Basin,Drainage Area Of Andaman And Nicobar Islands,CGWB,0.73,-1.02
20,04-11-2017,Andaman And Nicobar Islands,35,North And Middle Andaman,632,Durgapur,13.23083,92.95528,Drainage Area Of Andaman And Nicobar Islands Basin,Drainage Area Of Andaman And Nicobar Islands,CGWB,0.63,-0.1
21,04-04-2018,Andaman And Nicobar Islands,35,North And Middle Andaman,632,Durgapur,13.23083,92.95528,Drainage Area Of Andaman And Nicobar Islands Basin,Drainage Area Of Andaman And Nicobar Islands,CGWB,0.47,-0.16
22,21-11-2018,Andaman And Nicobar Islands,35,North And Middle Andaman,632,Durgapur,13.23083,92.95528,Drainage Area Of Andaman And Nicobar Islands Basin,Drainage Area Of Andaman And Nicobar Islands,CGWB,0.68,0.21
23,04-04-2019,Andaman And Nicobar Islands,35,North And Middle Andaman,632,Durgapur,13.23083,92.95528,Drainage Area Of Andaman And Nicobar Islands Basin,Drainage Area Of Andaman And Nicobar Islands,CGWB,0.49,-0.19
24,29-11-2019,Andaman And Nicobar Islands,35,North And Middle Andaman,632,Durgapur,13.23083,92.95528,Drainage Area Of Andaman And Nicobar Islands Basin,Drainage Area Of Andaman And Nicobar Islands,CGWB,1.31,0.82
25,14-05-2014,Andaman And Nicobar Islands,35,North And Middle Andaman,632,Joypur,12.69917,92.88167,Drainage Area Of Andaman And Nicobar Islands Basin,Drainage Area Of Andaman And Nicobar Islands,CGWB,1.15,0.84
26,04-11-2014,Andaman And Nicobar Islands,35,North And Middle Andaman,632,Joypur,12.69917,92.88167,Drainage Area Of Andaman And Nicobar Islands Basin,Drainage Area Of Andaman And Nicobar Islands,CGWB,0.6,-0.55
27,14-05-2015,Andaman And Nicobar Islands,35,North And Middle Andaman,632,Joypur,12.69917,92.88167,Drainage Area Of Andaman And Nicobar Islands Basin,Drainage Area Of Andaman And Nicobar Islands,CGWB,2.71,2.11
28,04-11-2015,Andaman And Nicobar Islands,35,North And Middle Andaman,632,Joypur,12.69917,92.88167,Drainage Area Of Andaman And Nicobar Islands Basin,Drainage Area Of Andaman And Nicobar Islands,CGWB,0.45,-2.26
29,04-11-2016,Andaman And Nicobar Islands,35,North And Middle Andaman,632,Joypur,12.69917,92.88167,Drainage Area Of Andaman And Nicobar Islands Basin,Drainage Area Of Andaman And Nicobar Islands,CGWB,0.71,0.26
30,14-05-2017,Andaman And Nicobar Islands,35,North And Middle Andaman,632,Joypur,12.69917,92.88167,Drainage Area Of Andaman And Nicobar Islands Basin,Drainage Area Of Andaman And Nicobar Islands,CGWB,0.5,-0.21
31,04-11-2017,Andaman And Nicobar Islands,35,North And Middle Andaman,632,Joypur,12.69917,92.88167,Drainage Area Of Andaman And Nicobar Islands Basin,Drainage Area Of Andaman And Nicobar Islands,CGWB,0.39,-0.11
32,02-04-2018,Andaman And Nicobar Islands,35,North And Middle Andaman,632,Joypur,12.69917,92.88167,Drainage Area Of Andaman And Nicobar Islands Basin,Drainage Area Of Andaman And Nicobar Islands,CGWB,0.66,0.27
33,21-11-2018,Andaman And Nicobar Islands,35,North And Middle Andaman,632,Joypur,12.69917,92.88167,Drainage Area Of Andaman And Nicobar Islands Basin,Drainage Area Of Andaman And Nicobar Islands,CGWB,0.95,0.29
34,04-04-2019,Andaman And Nicobar Islands,35,North And Middle Andaman,632,Joypur,12.69917,92.88167,Drainage Area Of Andaman And Nicobar Islands Basin,Drainage Area Of Andaman And Nicobar Islands,CGWB,0.88,-0.07
35,29-11-2019,Andaman And Nicobar Islands,35,North And Middle Andaman,632,Joypur,12.69917,92.88167,Drainage Area Of Andaman And Nicobar Islands Basin,Drainage Area Of Andaman And Nicobar Islands,CGWB,0.97,0.09
36,04-11-2013,Andaman And Nicobar Islands,35,North And Middle Andaman,632,Subhasgram,13.24083,92.99056,Drainage Area Of Andaman And Nicobar Islands Basin,Drainage Area Of Andaman And Nicobar Islands,CGWB,0.15,-0.64
37,14-05-2014,Andaman And Nicobar Islands,35,North And Middle Andaman,632,Subhasgram,13.24083,92.99056,Drainage Area Of Andaman And Nicobar Islands Basin,Drainage Area Of Andaman And Nicobar Islands,CGWB,3.11,2.96
38,04-11-2014,Andaman And Nicobar Islands,35,North And Middle Andaman,632,Subhasgram,13.24083,92.99056,Drainage Area Of Andaman And Nicobar Islands Basin,Drainage Area Of Andaman And Nicobar Islands,CGWB,1.43,-1.68
39,14-05-2015,Andaman And Nicobar Islands,35,North And Middle Andaman,632,Subhasgram,13.24083,92.99056,Drainage Area Of Andaman And Nicobar Islands Basin,Drainage Area Of Andaman And Nicobar Islands,CGWB,0.62,-0.81
40,04-11-2015,Andaman And Nicobar Islands,35,North And Middle Andaman,632,Subhasgram,13.24083,92.99056,Drainage Area Of Andaman And Nicobar Islands Basin,Drainage Area Of Andaman And Nicobar Islands,CGWB,0.03,-0.59
41,14-05-2016,Andaman And Nicobar Islands,35,North And Middle Andaman,632,Subhasgram,13.24083,92.99056,Drainage Area Of Andaman And Nicobar Islands Basin,Drainage Area Of Andaman And Nicobar Islands,CGWB,0.79,0.76
42,04-11-2016,Andaman And Nicobar Islands,35,North And Middle Andaman,632,Subhasgram,13.24083,92.99056,Drainage Area Of Andaman And Nicobar Islands Basin,Drainage Area Of Andaman And Nicobar Islands,CGWB,0.21,-0.58
43,14-05-2017,Andaman And Nicobar Islands,35,North And Middle Andaman,632,Subhasgram,13.24083,92.99056,Drainage Area Of Andaman And Nicobar Islands Basin,Drainage Area Of Andaman And Nicobar Islands,CGWB,2.87,2.66
44,04-11-2017,Andaman And Nicobar Islands,35,North And Middle Andaman,632,Subhasgram,13.24083,92.99056,Drainage Area Of Andaman And Nicobar Islands Basin,Drainage Area Of Andaman And Nicobar Islands,CGWB,0.93,-1.94
45,04-04-2018,Andaman And Nicobar Islands,35,North And Middle Andaman,632,Subhasgram,13.24083,92.99056,Drainage Area Of Andaman And Nicobar Islands Basin,Drainage Area Of Andaman And Nicobar Islands,CGWB,0.27,-0.66
46,21-11-2018,Andaman And Nicobar Islands,35,North And Middle Andaman,632,Subhasgram,13.24083,92.99056,Drainage Area Of Andaman And Nicobar Islands Basin,Drainage Area Of Andaman And Nicobar Islands,CGWB,0.38,0.11
47,04-04-2019,Andaman And Nicobar Islands,35,North And Middle Andaman,632,Subhasgram,13.24083,92.99056,Drainage Area Of Andaman And Nicobar Islands Basin,Drainage Area Of Andaman And Nicobar Islands,CGWB,0.15,-0.23
48,29-11-2019,Andaman And Nicobar Islands,35,North And Middle Andaman,632,Subhasgram,13.24083,92.99056,Drainage Area Of Andaman And Nicobar Islands Basin,Drainage Area Of Andaman And Nicobar Islands,CGWB,1.43,1.28
49,04-11-2013,Andaman And Nicobar Islands,35,North And Middle Andaman,632,Nabagram,13.17333,92.93194,Drainage Area Of Andaman And Nicobar Islands Basin,Drainage Area Of Andaman And Nicobar Islands,CGWB,0.32,0.01
50,14-05-2014,Andaman And Nicobar Islands,35,North And Middle Andaman,632,Nabagram,13.17333,92.93194,Drainage Area Of Andaman And Nicobar Islands Basin,Drainage Area Of Andaman And Nicobar Islands,CGWB,2.82,2.5
51,04-11-2014,Andaman And Nicobar Islands,35,North And Middle Andaman,632,Nabagram,13.17333,92.93194,Drainage Area Of Andaman And Nicobar Islands Basin,Drainage Area Of Andaman And Nicobar Islands,CGWB,2,-0.82
52,14-05-2015,Andaman And Nicobar Islands,35,North And Middle Andaman,632,Nabagram,13.17333,92.93194,Drainage Area Of Andaman And Nicobar Islands Basin,Drainage Area Of Andaman And Nicobar Islands,CGWB,2.11,0.11
53,04-11-2015,Andaman And Nicobar Islands,35,North And Middle Andaman,632,Nabagram,13.17333,92.93194,Drainage Area Of Andaman And Nicobar Islands Basin,Drainage Area Of Andaman And Nicobar Islands,CGWB,0.5,-1.61
54,14-05-2016,Andaman And Nicobar Islands,35,North And Middle Andaman,632,Nabagram,13.17333,92.93194,Drainage Area Of Andaman And Nicobar Islands Basin,Drainage Area Of Andaman And Nicobar Islands,CGWB,2.27,1.77
55,04-11-2016,Andaman And Nicobar Islands,35,North And Middle Andaman,632,Nabagram,13.17333,92.93194,Drainage Area Of Andaman And Nicobar Islands Basin,Drainage Area Of Andaman And Nicobar Islands,CGWB,1.41,-0.86
56,14-05-2017,Andaman And Nicobar Islands,35,North And Middle Andaman,632,Nabagram,13.17333,92.93194,Drainage Area Of Andaman And Nicobar Islands Basin,Drainage Area Of Andaman And Nicobar Islands,CGWB,0.98,-0.43
57,04-11-2017,Andaman And Nicobar Islands,35,North And Middle Andaman,632,Nabagram,13.17333,92.93194,Drainage Area Of Andaman And Nicobar Islands Basin,Drainage Area Of Andaman And Nicobar Islands,CGWB,0.31,-0.67
58,04-04-2018,Andaman And Nicobar Islands,35,North And Middle Andaman,632,Nabagram,13.17333,92.93194,Drainage Area Of Andaman And Nicobar Islands Basin,Drainage Area Of Andaman And Nicobar Islands,CGWB,0.26,-0.05
59,21-11-2018,Andaman And Nicobar Islands,35,North And Middle Andaman,632,Nabagram,13.17333,92.93194,Drainage Area Of Andaman And Nicobar Islands Basin,Drainage Area Of Andaman And Nicobar Islands,CGWB,0.52,0.26
60,29-11-2019,Andaman And Nicobar Islands,35,North And Middle Andaman,632,Nabagram,13.17333,92.93194,Drainage Area Of Andaman And Nicobar Islands Basin,Drainage Area Of Andaman And Nicobar Islands,CGWB,1,0.48
61,14-05-2014,Andaman And Nicobar Islands,35,North And Middle Andaman,632,Shibpur,13.24278,93.04417,Drainage Area Of Andaman And Nicobar Islands Basin,Drainage Area Of Andaman And Nicobar Islands,CGWB,2.2,1.17
62,04-11-2014,Andaman And Nicobar Islands,35,North And Middle Andaman,632,Shibpur,13.24278,93.04417,Drainage Area Of Andaman And Nicobar Islands Basin,Drainage Area Of Andaman And Nicobar Islands,CGWB,1.38,-0.82
63,14-05-2015,Andaman And Nicobar Islands,35,North And Middle Andaman,632,Shibpur,13.24278,93.04417,Drainage Area Of Andaman And Nicobar Islands Basin,Drainage Area Of Andaman And Nicobar Islands,CGWB,1.85,0.47
64,04-11-2015,Andaman And Nicobar Islands,35,North And Middle Andaman,632,Shibpur,13.24278,93.04417,Drainage Area Of Andaman And Nicobar Islands Basin,Drainage Area Of Andaman And Nicobar Islands,CGWB,0.72,-1.13
65,14-05-2016,Andaman And Nicobar Islands,35,North And Middle Andaman,632,Shibpur,13.24278,93.04417,Drainage Area Of Andaman And Nicobar Islands Basin,Drainage Area Of Andaman And Nicobar Islands,CGWB,2.2,1.48
66,04-11-2016,Andaman And Nicobar Islands,35,North And Middle Andaman,632,Shibpur,13.24278,93.04417,Drainage Area Of Andaman And Nicobar Islands Basin,Drainage Area Of Andaman And Nicobar Islands,CGWB,1.41,-0.79
67,14-05-2017,Andaman And Nicobar Islands,35,North And Middle Andaman,632,Shibpur,13.24278,93.04417,Drainage Area Of Andaman And Nicobar Islands Basin,Drainage Area Of Andaman And Nicobar Islands,CGWB,1.63,0.22
68,04-11-2017,Andaman And Nicobar Islands,35,North And Middle Andaman,632,Shibpur,13.24278,93.04417,Drainage Area Of Andaman And Nicobar Islands Basin,Drainage Area Of Andaman And Nicobar Islands,CGWB,0.36,-1.27
69,02-04-2018,Andaman And Nicobar Islands,35,North And Middle Andaman,632,Shibpur,13.24278,93.04417,Drainage Area Of Andaman And Nicobar Islands Basin,Drainage Area Of Andaman And Nicobar Islands,CGWB,0.4,0.04
70,04-04-2018,Andaman And Nicobar Islands,35,North And Middle Andaman,632,Shibpur,13.24278,93.04417,Drainage Area Of Andaman And Nicobar Islands Basin,Drainage Area Of Andaman And Nicobar Islands,CGWB,0.1,-0.3
71,21-11-2018,Andaman And Nicobar Islands,35,North And Middle Andaman,632,Shibpur,13.24278,93.04417,Drainage Area Of Andaman And Nicobar Islands Basin,Drainage Area Of Andaman And Nicobar Islands,CGWB,0.65,0.55
72,04-04-2019,Andaman And Nicobar Islands,35,North And Middle Andaman,632,Shibpur,13.24278,93.04417,Drainage Area Of Andaman And Nicobar Islands Basin,Drainage Area Of Andaman And Nicobar Islands,CGWB,0.24,-0.41
73,29-11-2019,Andaman And Nicobar Islands,35,North And Middle Andaman,632,Shibpur,13.24278,93.04417,Drainage Area Of Andaman And Nicobar Islands Basin,Drainage Area Of Andaman And Nicobar Islands,CGWB,1.38,1.14
74,14-05-2014,Andaman And Nicobar Islands,35,North And Middle Andaman,632,Tikadera,12.45667,92.77361,Drainage Area Of Andaman And Nicobar Islands Basin,Drainage Area Of Andaman And Nicobar Islands,CGWB,2.2,-0.07
75,04-11-2014,Andaman And Nicobar Islands,35,North And Middle Andaman,632,Tikadera,12.45667,92.77361,Drainage Area Of Andaman And Nicobar Islands Basin,Drainage Area Of Andaman And Nicobar Islands,CGWB,2.22,0.02
76,14-05-2015,Andaman And Nicobar Islands,35,North And Middle Andaman,632,Tikadera,12.45667,92.77361,Drainage Area Of Andaman And Nicobar Islands Basin,Drainage Area Of Andaman And Nicobar Islands,CGWB,2.59,0.37
77,04-11-2015,Andaman And Nicobar Islands,35,North And Middle Andaman,632,Tikadera,12.45667,92.77361,Drainage Area Of Andaman And Nicobar Islands Basin,Drainage Area Of Andaman And Nicobar Islands,CGWB,2.33,-0.26
78,14-05-2016,Andaman And Nicobar Islands,35,North And Middle Andaman,632,Tikadera,12.45667,92.77361,Drainage Area Of Andaman And Nicobar Islands Basin,Drainage Area Of Andaman And Nicobar Islands,CGWB,2.63,0.3
79,04-11-2016,Andaman And Nicobar Islands,35,North And Middle Andaman,632,Tikadera,12.45667,92.77361,Drainage Area Of Andaman And Nicobar Islands Basin,Drainage Area Of Andaman And Nicobar Islands,CGWB,2.37,-0.26
80,14-05-2017,Andaman And Nicobar Islands,35,North And Middle Andaman,632,Tikadera,12.45667,92.77361,Drainage Area Of Andaman And Nicobar Islands Basin,Drainage Area Of Andaman And Nicobar Islands,CGWB,3.69,1.32
81,04-11-2017,Andaman And Nicobar Islands,35,North And Middle Andaman,632,Tikadera,12.45667,92.77361,Drainage Area Of Andaman And Nicobar Islands Basin,Drainage Area Of Andaman And Nicobar Islands,CGWB,1.7,-1.99
82,04-04-2018,Andaman And Nicobar Islands,35,North And Middle Andaman,632,Tikadera,12.45667,92.77361,Drainage Area Of Andaman And Nicobar Islands Basin,Drainage Area Of Andaman And Nicobar Islands,CGWB,2,0.3
83,21-11-2018,Andaman And Nicobar Islands,35,North And Middle Andaman,632,Tikadera,12.45667,92.77361,Drainage Area Of Andaman And Nicobar Islands Basin,Drainage Area Of Andaman And Nicobar Islands,CGWB,2.27,0.27
84,04-04-2019,Andaman And Nicobar Islands,35,North And Middle Andaman,632,Tikadera,12.45667,92.77361,Drainage Area Of Andaman And Nicobar Islands Basin,Drainage Area Of Andaman And Nicobar Islands,CGWB,2.17,-0.1
85,29-11-2019,Andaman And Nicobar Islands,35,North And Middle Andaman,632,Tikadera,12.45667,92.77361,Drainage Area Of Andaman And Nicobar Islands Basin,Drainage Area Of Andaman And Nicobar Islands,CGWB,2.56,0.39
86,04-11-2014,Andaman And Nicobar Islands,35,North And Middle Andaman,632,Mayabunder,12.87667,92.88111,Drainage Area Of Andaman And Nicobar Islands Basin,Drainage Area Of Andaman And Nicobar Islands,CGWB,1.71,1.29
87,14-05-2015,Andaman And Nicobar Islands,35,North And Middle Andaman,632,Mayabunder,12.87667,92.88111,Drainage Area Of Andaman And Nicobar Islands Basin,Drainage Area Of Andaman And Nicobar Islands,CGWB,0.05,-1.66
88,04-11-2016,Andaman And Nicobar Islands,35,North And Middle Andaman,632,Mayabunder,12.87667,92.88111,Drainage Area Of Andaman And Nicobar Islands Basin,Drainage Area Of Andaman And Nicobar Islands,CGWB,0.71,0.66
89,21-11-2018,Andaman And Nicobar Islands,35,North And Middle Andaman,632,Mayabunder,12.87667,92.88111,Drainage Area Of Andaman And Nicobar Islands Basin,Drainage Area Of Andaman And Nicobar Islands,CGWB,0.72,0.01
90,04-04-2019,Andaman And Nicobar Islands,35,North And Middle Andaman,632,Mayabunder,12.87667,92.88111,Drainage Area Of Andaman And Nicobar Islands Basin,Drainage Area Of Andaman And Nicobar Islands,CGWB,0.47,-0.25
91,29-11-2019,Andaman And Nicobar Islands,35,North And Middle Andaman,632,Mayabunder,12.87667,92.88111,Drainage Area Of Andaman And Nicobar Islands Basin,Drainage Area Of Andaman And Nicobar Islands,CGWB,1.62,1.15
92,14-05-2014,Andaman And Nicobar Islands,35,North And Middle Andaman,632,Nimbutala,12.52472,92.97028,Drainage Area Of Andaman And Nicobar Islands Basin,Drainage Area Of Andaman And Nicobar Islands,CGWB,0.4,0.01
93,14-05-2015,Andaman And Nicobar Islands,35,North And Middle Andaman,632,Nimbutala,12.52472,92.97028,Drainage Area Of Andaman And Nicobar Islands Basin,Drainage Area Of Andaman And Nicobar Islands,CGWB,1.68,1.28
94,04-11-2015,Andaman And Nicobar Islands,35,North And Middle Andaman,632,Nimbutala,12.52472,92.97028,Drainage Area Of Andaman And Nicobar Islands Basin,Drainage Area Of Andaman And Nicobar Islands,CGWB,0.7,-0.98
95,14-05-2016,Andaman And Nicobar Islands,35,North And Middle Andaman,632,Nimbutala,12.52472,92.97028,Drainage Area Of Andaman And Nicobar Islands Basin,Drainage Area Of Andaman And Nicobar Islands,CGWB,2.71,2.01
96,04-11-2016,Andaman And Nicobar Islands,35,North And Middle Andaman,632,Nimbutala,12.52472,92.97028,Drainage Area Of Andaman And Nicobar Islands Basin,Drainage Area Of Andaman And Nicobar Islands,CGWB,0.49,-2.22
97,14-05-2017,Andaman And Nicobar Islands,35,North And Middle Andaman,632,Nimbutala,12.52472,92.97028,Drainage Area Of Andaman And Nicobar Islands Basin,Drainage Area Of Andaman And Nicobar Islands,CGWB,2.09,1.6
98,04-11-2017,Andaman And Nicobar Islands,35,North And Middle Andaman,632,Nimbutala,12.52472,92.97028,Drainage Area Of Andaman And Nicobar Islands Basin,Drainage Area Of Andaman And Nicobar Islands,CGWB,0.58,-1.51
99,04-04-2018,Andaman And Nicobar Islands,35,North And Middle Andaman,632,Nimbutala,12.52472,92.97028,Drainage Area Of Andaman And Nicobar Islands Basin,Drainage Area Of Andaman And Nicobar Islands,CGWB,1.45,0.87
100,21-11-2018,Andaman And Nicobar Islands,35,North And Middle Andaman,632,Nimbutala,12.52472,92.97028,Drainage Area Of Andaman And Nicobar Islands Basin,Drainage Area Of Andaman And Nicobar Islands,CGWB,1.04,-0.41
101,04-04-2019,Andaman And Nicobar Islands,35,North And Middle Andaman,632,Nimbutala,12.52472,92.97028,Drainage Area Of Andaman And Nicobar Islands Basin,Drainage Area Of Andaman And Nicobar Islands,CGWB,0.47,-0.57
102,29-11-2019,Andaman And Nicobar Islands,35,North And Middle Andaman,632,Nimbutala,12.52472,92.97028,Drainage Area Of Andaman And Nicobar Islands Basin,Drainage Area Of Andaman And Nicobar Islands,CGWB,1.81,1.34
103,04-11-2014,Andaman And Nicobar Islands,35,North And Middle Andaman,632,Betapur,12.62222,92.87278,Drainage Area Of Andaman And Nicobar Islands Basin,Drainage Area Of Andaman And Nicobar Islands,CGWB,1.7,0.97
104,04-11-2015,Andaman And Nicobar Islands,35,North And Middle Andaman,632,Betapur,12.62222,92.87278,Drainage Area Of Andaman And Nicobar Islands Basin,Drainage Area Of Andaman And Nicobar Islands,CGWB,0.85,-0.85
105,14-05-2016,Andaman And Nicobar Islands,35,North And Middle Andaman,632,Betapur,12.62222,92.87278,Drainage Area Of Andaman And Nicobar Islands Basin,Drainage Area Of Andaman And Nicobar Islands,CGWB,3.54,2.69
106,04-11-2016,Andaman And Nicobar Islands,35,North And Middle Andaman,632,Betapur,12.62222,92.87278,Drainage Area Of Andaman And Nicobar Islands Basin,Drainage Area Of Andaman And Nicobar Islands,CGWB,1.77,-1.77
107,14-05-2017,Andaman And Nicobar Islands,35,North And Middle Andaman,632,Betapur,12.62222,92.87278,Drainage Area Of Andaman And Nicobar Islands Basin,Drainage Area Of Andaman And Nicobar Islands,CGWB,2.11,0.34
108,04-11-2017,Andaman And Nicobar Islands,35,North And Middle Andaman,632,Betapur,12.62222,92.87278,Drainage Area Of Andaman And Nicobar Islands Basin,Drainage Area Of Andaman And Nicobar Islands,CGWB,0.38,-1.73
109,02-04-2018,Andaman And Nicobar Islands,35,North And Middle Andaman,632,Betapur,12.62222,92.87278,Drainage Area Of Andaman And Nicobar Islands Basin,Drainage Area Of Andaman And Nicobar Islands,CGWB,0.3,-0.08
110,21-11-2018,Andaman And Nicobar Islands,35,North And Middle Andaman,632,Betapur,12.62222,92.87278,Drainage Area Of Andaman And Nicobar Islands Basin,Drainage Area Of Andaman And Nicobar Islands,CGWB,0.75,0.45
111,04-04-2019,Andaman And Nicobar Islands,35,North And Middle Andaman,632,Betapur,12.62222,92.87278,Drainage Area Of Andaman And Nicobar Islands Basin,Drainage Area Of Andaman And Nicobar Islands,CGWB,0.18,-0.57
112,29-11-2019,Andaman And Nicobar Islands,35,North And Middle Andaman,632,Betapur,12.62222,92.87278,Drainage Area Of Andaman And Nicobar Islands Basin,Drainage Area Of Andaman And Nicobar Islands,CGWB,1.27,1.09
113,14-05-2014,Andaman And Nicobar Islands,35,North And Middle Andaman,632,Padmanavapuram,12.50833,92.96056,Drainage Area Of Andaman And Nicobar Islands Basin,Drainage Area Of Andaman And Nicobar Islands,CGWB,3.5,3.49
114,04-11-2014,Andaman And Nicobar Islands,35,North And Middle Andaman,632,Padmanavapuram,12.50833,92.96056,Drainage Area Of Andaman And Nicobar Islands Basin,Drainage Area Of Andaman And Nicobar Islands,CGWB,2.14,-1.36
115,14-05-2015,Andaman And Nicobar Islands,35,North And Middle Andaman,632,Padmanavapuram,12.50833,92.96056,Drainage Area Of Andaman And Nicobar Islands Basin,Drainage Area Of Andaman And Nicobar Islands,CGWB,4.09,1.95
116,04-11-2015,Andaman And Nicobar Islands,35,North And Middle Andaman,632,Padmanavapuram,12.50833,92.96056,Drainage Area Of Andaman And Nicobar Islands Basin,Drainage Area Of Andaman And Nicobar Islands,CGWB,2.24,-1.85
117,14-05-2016,Andaman And Nicobar Islands,35,North And Middle Andaman,632,Padmanavapuram,12.50833,92.96056,Drainage Area Of Andaman And Nicobar Islands Basin,Drainage Area Of Andaman And Nicobar Islands,CGWB,4.34,2.1
118,04-11-2016,Andaman And Nicobar Islands,35,North And Middle Andaman,632,Padmanavapuram,12.50833,92.96056,Drainage Area Of Andaman And Nicobar Islands Basin,Drainage Area Of Andaman And Nicobar Islands,CGWB,0.1,-4.24
119,14-05-2017,Andaman And Nicobar Islands,35,North And Middle Andaman,632,Padmanavapuram,12.50833,92.96056,Drainage Area Of Andaman And Nicobar Islands Basin,Drainage Area Of Andaman And Nicobar Islands,CGWB,4.55,4.45
120,04-11-2017,Andaman And Nicobar Islands,35,North And Middle Andaman,632,Padmanavapuram,12.50833,92.96056,Drainage Area Of Andaman And Nicobar Islands Basin,Drainage Area Of Andaman And Nicobar Islands,CGWB,2.86,-1.69
121,04-04-2018,Andaman And Nicobar Islands,35,North And Middle Andaman,632,Padmanavapuram,12.50833,92.96056,Drainage Area Of Andaman And Nicobar Islands Basin,Drainage Area Of Andaman And Nicobar Islands,CGWB,4.54,1.68
122,21-11-2018,Andaman And Nicobar Islands,35,North And Middle Andaman,632,Padmanavapuram,12.50833,92.96056,Drainage Area Of Andaman And Nicobar Islands Basin,Drainage Area Of Andaman And Nicobar Islands,CGWB,1.74,-2.8
123,04-04-2019,Andaman And Nicobar Islands,35,North And Middle Andaman,632,Padmanavapuram,12.50833,92.96056,Drainage Area Of Andaman And Nicobar Islands Basin,Drainage Area Of Andaman And Nicobar Islands,CGWB,2.05,0.31
124,29-11-2019,Andaman And Nicobar Islands,35,North And Middle Andaman,632,Padmanavapuram,12.50833,92.96056,Drainage Area Of Andaman And Nicobar Islands Basin,Drainage Area Of Andaman And Nicobar Islands,CGWB,4,1.95
125,04-11-2013,Andaman And Nicobar Islands,35,North And Middle Andaman,632,Basantipur,12.72917,92.88472,Drainage Area Of Andaman And Nicobar Islands Basin,Drainage Area Of Andaman And Nicobar Islands,CGWB,0.45,-0.48
126,14-05-2014,Andaman And Nicobar Islands,35,North And Middle Andaman,632,Basantipur,12.72917,92.88472,Drainage Area Of Andaman And Nicobar Islands Basin,Drainage Area Of Andaman And Nicobar Islands,CGWB,2.44,1.99
127,04-11-2014,Andaman And Nicobar Islands,35,North And Middle Andaman,632,Basantipur,12.72917,92.88472,Drainage Area Of Andaman And Nicobar Islands Basin,Drainage Area Of Andaman And Nicobar Islands,CGWB,0.61,-1.83
128,14-05-2015,Andaman And Nicobar Islands,35,North And Middle Andaman,632,Basantipur,12.72917,92.88472,Drainage Area Of Andaman And Nicobar Islands Basin,Drainage Area Of Andaman And Nicobar Islands,CGWB,1.73,1.12
129,04-11-2015,Andaman And Nicobar Islands,35,North And Middle Andaman,632,Basantipur,12.72917,92.88472,Drainage Area Of Andaman And Nicobar Islands Basin,Drainage Area Of Andaman And Nicobar Islands,CGWB,0.46,-1.27
130,14-05-2016,Andaman And Nicobar Islands,35,North And Middle Andaman,632,Basantipur,12.72917,92.88472,Drainage Area Of Andaman And Nicobar Islands Basin,Drainage Area Of Andaman And Nicobar Islands,CGWB,4.29,3.83
131,04-11-2016,Andaman And Nicobar Islands,35,North And Middle Andaman,632,Basantipur,12.72917,92.88472,Drainage Area Of Andaman And Nicobar Islands Basin,Drainage Area Of Andaman And Nicobar Islands,CGWB,0.47,-3.82
132,14-05-2017,Andaman And Nicobar Islands,35,North And Middle Andaman,632,Basantipur,12.72917,92.88472,Drainage Area Of Andaman And Nicobar Islands Basin,Drainage Area Of Andaman And Nicobar Islands,CGWB,1.97,1.5
133,04-11-2017,Andaman And Nicobar Islands,35,North And Middle Andaman,632,Basantipur,12.72917,92.88472,Drainage Area Of Andaman And Nicobar Islands Basin,Drainage Area Of Andaman And Nicobar Islands,CGWB,0.46,-1.51
134,04-04-2018,Andaman And Nicobar Islands,35,North And Middle Andaman,632,Basantipur,12.72917,92.88472,Drainage Area Of Andaman And Nicobar Islands Basin,Drainage Area Of Andaman And Nicobar Islands,CGWB,0.65,0.19
135,21-11-2018,Andaman And Nicobar Islands,35,North And Middle Andaman,632,Basantipur,12.72917,92.88472,Drainage Area Of Andaman And Nicobar Islands Basin,Drainage Area Of Andaman And Nicobar Islands,CGWB,0.46,-0.19
136,04-04-2019,Andaman And Nicobar Islands,35,North And Middle Andaman,632,Basantipur,12.72917,92.88472,Drainage Area Of Andaman And Nicobar Islands Basin,Drainage Area Of Andaman And Nicobar Islands,CGWB,0.28,-0.18
137,29-11-2019,Andaman And Nicobar Islands,35,North And Middle Andaman,632,Basantipur,12.72917,92.88472,Drainage Area Of Andaman And Nicobar Islands Basin,Drainage Area Of Andaman And Nicobar Islands,CGWB,3.11,2.83
138,14-05-2014,Andaman And Nicobar Islands,35,North And Middle Andaman,632,Uttara,12.31611,92.78889,Drainage Area Of Andaman And Nicobar Islands Basin,Drainage Area Of Andaman And Nicobar Islands,CGWB,2.74,2.59
139,04-11-2014,Andaman And Nicobar Islands,35,North And Middle Andaman,632,Uttara,12.31611,92.78889,Drainage Area Of Andaman And Nicobar Islands Basin,Drainage Area Of Andaman And Nicobar Islands,CGWB,0.89,-1.85
140,14-05-2015,Andaman And Nicobar Islands,35,North And Middle Andaman,632,Uttara,12.31611,92.78889,Drainage Area Of Andaman And Nicobar Islands Basin,Drainage Area Of Andaman And Nicobar Islands,CGWB,1.1,0.21
141,04-11-2015,Andaman And Nicobar Islands,35,North And Middle Andaman,632,Uttara,12.31611,92.78889,Drainage Area Of Andaman And Nicobar Islands Basin,Drainage Area Of Andaman And Nicobar Islands,CGWB,0.11,-0.99
142,14-05-2016,Andaman And Nicobar Islands,35,North And Middle Andaman,632,Uttara,12.31611,92.78889,Drainage Area Of Andaman And Nicobar Islands Basin,Drainage Area Of Andaman And Nicobar Islands,CGWB,2.53,2.42
143,04-11-2016,Andaman And Nicobar Islands,35,North And Middle Andaman,632,Uttara,12.31611,92.78889,Drainage Area Of Andaman And Nicobar Islands Basin,Drainage Area Of Andaman And Nicobar Islands,CGWB,0.25,-2.28
144,14-05-2017,Andaman And Nicobar Islands,35,North And Middle Andaman,632,Uttara,12.31611,92.78889,Drainage Area Of Andaman And Nicobar Islands Basin,Drainage Area Of Andaman And Nicobar Islands,CGWB,3.83,3.58
145,04-11-2017,Andaman And Nicobar Islands,35,North And Middle Andaman,632,Uttara,12.31611,92.78889,Drainage Area Of Andaman And Nicobar Islands Basin,Drainage Area Of Andaman And Nicobar Islands,CGWB,0.05,-3.78
146,21-11-2018,Andaman And Nicobar Islands,35,North And Middle Andaman,632,Uttara,12.31611,92.78889,Drainage Area Of Andaman And Nicobar Islands Basin,Drainage Area Of Andaman And Nicobar Islands,CGWB,0.19,0.14
147,04-04-2019,Andaman And Nicobar Islands,35,North And Middle Andaman,632,Uttara,12.31611,92.78889,Drainage Area Of Andaman And Nicobar Islands Basin,Drainage Area Of Andaman And Nicobar Islands,CGWB,0.21,0.02
148,29-11-2019,Andaman And Nicobar Islands,35,North And Middle Andaman,632,Uttara,12.31611,92.78889,Drainage Area Of Andaman And Nicobar Islands Basin,Drainage Area Of Andaman And Nicobar Islands,CGWB,1.05,0.84
149,04-11-2013,Andaman And Nicobar Islands,35,North And Middle Andaman,632,Haribeck,12.98222,92.84556,Drainage Area Of Andaman And Nicobar Islands Basin,Drainage Area Of Andaman And Nicobar Islands,CGWB,0.21,-1.93
150,14-05-2014,Andaman And Nicobar Islands,35,North And Middle Andaman,632,Haribeck,12.98222,92.84556,Drainage Area Of Andaman And Nicobar Islands Basin,Drainage Area Of Andaman And Nicobar Islands,CGWB,1.65,1.44
151,14-05-2015,Andaman And Nicobar Islands,35,North And Middle Andaman,632,Haribeck,12.98222,92.84556,Drainage Area Of Andaman And Nicobar Islands Basin,Drainage Area Of Andaman And Nicobar Islands,CGWB,1.05,-0.6
152,04-11-2015,Andaman And Nicobar Islands,35,North And Middle Andaman,632,Haribeck,12.98222,92.84556,Drainage Area Of Andaman And Nicobar Islands Basin,Drainage Area Of Andaman And Nicobar Islands,CGWB,0.88,-0.17
153,04-11-2016,Andaman And Nicobar Islands,35,North And Middle Andaman,632,Haribeck,12.98222,92.84556,Drainage Area Of Andaman And Nicobar Islands Basin,Drainage Area Of Andaman And Nicobar Islands,CGWB,0.25,-0.63
154,14-05-2017,Andaman And Nicobar Islands,35,North And Middle Andaman,632,Haribeck,12.98222,92.84556,Drainage Area Of Andaman And Nicobar Islands Basin,Drainage Area Of Andaman And Nicobar Islands,CGWB,3.14,2.89
155,04-11-2017,Andaman And Nicobar Islands,35,North And Middle Andaman,632,Haribeck,12.98222,92.84556,Drainage Area Of Andaman And Nicobar Islands Basin,Drainage Area Of Andaman And Nicobar Islands,CGWB,0.78,-2.36
156,04-04-2018,Andaman And Nicobar Islands,35,North And Middle Andaman,632,Haribeck,12.98222,92.84556,Drainage Area Of Andaman And Nicobar Islands Basin,Drainage Area Of Andaman And Nicobar Islands,CGWB,0.09,-0.69
157,21-11-2018,Andaman And Nicobar Islands,35,North And Middle Andaman,632,Haribeck,12.98222,92.84556,Drainage Area Of Andaman And Nicobar Islands Basin,Drainage Area Of Andaman And Nicobar Islands,CGWB,0.66,0.57
158,04-04-2019,Andaman And Nicobar Islands,35,North And Middle Andaman,632,Haribeck,12.98222,92.84556,Drainage Area Of Andaman And Nicobar Islands Basin,Drainage Area Of Andaman And Nicobar Islands,CGWB,0.49,-0.17
159,29-11-2019,Andaman And Nicobar Islands,35,North And Middle Andaman,632,Haribeck,12.98222,92.84556,Drainage Area Of Andaman And Nicobar Islands Basin,Drainage Area Of Andaman And Nicobar Islands,CGWB,0.58,0.09
160,14-05-2014,Andaman And Nicobar Islands,35,North And Middle Andaman,632,Kadamtala,12.34472,92.77889,Drainage Area Of Andaman And Nicobar Islands Basin,Drainage Area Of Andaman And Nicobar Islands,CGWB,0.36,0.15
161,04-11-2014,Andaman And Nicobar Islands,35,North And Middle Andaman,632,Kadamtala,12.34472,92.77889,Drainage Area Of Andaman And Nicobar Islands Basin,Drainage Area Of Andaman And Nicobar Islands,CGWB,0.13,-0.23
162,14-05-2015,Andaman And Nicobar Islands,35,North And Middle Andaman,632,Kadamtala,12.34472,92.77889,Drainage Area Of Andaman And Nicobar Islands Basin,Drainage Area Of Andaman And Nicobar Islands,CGWB,2.39,2.26
163,04-11-2015,Andaman And Nicobar Islands,35,North And Middle Andaman,632,Kadamtala,12.34472,92.77889,Drainage Area Of Andaman And Nicobar Islands Basin,Drainage Area Of Andaman And Nicobar Islands,CGWB,0.16,-2.23
164,14-05-2016,Andaman And Nicobar Islands,35,North And Middle Andaman,632,Kadamtala,12.34472,92.77889,Drainage Area Of Andaman And Nicobar Islands Basin,Drainage Area Of Andaman And Nicobar Islands,CGWB,2.55,2.39
165,04-11-2016,Andaman And Nicobar Islands,35,North And Middle Andaman,632,Kadamtala,12.34472,92.77889,Drainage Area Of Andaman And Nicobar Islands Basin,Drainage Area Of Andaman And Nicobar Islands,CGWB,0.27,-2.28
166,14-05-2017,Andaman And Nicobar Islands,35,North And Middle Andaman,632,Kadamtala,12.34472,92.77889,Drainage Area Of Andaman And Nicobar Islands Basin,Drainage Area Of Andaman And Nicobar Islands,CGWB,1.27,1
167,04-11-2017,Andaman And Nicobar Islands,35,North And Middle Andaman,632,Kadamtala,12.34472,92.77889,Drainage Area Of Andaman And Nicobar Islands Basin,Drainage Area Of Andaman And Nicobar Islands,CGWB,0.03,-1.24
168,04-04-2018,Andaman And Nicobar Islands,35,North And Middle Andaman,632,Kadamtala,12.34472,92.77889,Drainage Area Of Andaman And Nicobar Islands Basin,Drainage Area Of Andaman And Nicobar Islands,CGWB,1.02,0.99
169,21-11-2018,Andaman And Nicobar Islands,35,North And Middle Andaman,632,Kadamtala,12.34472,92.77889,Drainage Area Of Andaman And Nicobar Islands Basin,Drainage Area Of Andaman And Nicobar Islands,CGWB,0.23,-0.79
170,04-04-2019,Andaman And Nicobar Islands,35,North And Middle Andaman,632,Kadamtala,12.34472,92.77889,Drainage Area Of Andaman And Nicobar Islands Basin,Drainage Area Of Andaman And Nicobar Islands,CGWB,1.48,1.25
171,29-11-2019,Andaman And Nicobar Islands,35,North And Middle Andaman,632,Kadamtala,12.34472,92.77889,Drainage Area Of Andaman And Nicobar Islands Basin,Drainage Area Of Andaman And Nicobar Islands,CGWB,1.88,0.4
172,04-11-2014,Andaman And Nicobar Islands,35,North And Middle Andaman,632,Kausalyanagar,12.39528,92.78222,Drainage Area Of Andaman And Nicobar Islands Basin,Drainage Area Of Andaman And Nicobar Islands,CGWB,0.16,-0.57
173,14-05-2015,Andaman And Nicobar Islands,35,North And Middle Andaman,632,Kausalyanagar,12.39528,92.78222,Drainage Area Of Andaman And Nicobar Islands Basin,Drainage Area Of Andaman And Nicobar Islands,CGWB,3.93,3.77
174,14-05-2016,Andaman And Nicobar Islands,35,North And Middle Andaman,632,Kausalyanagar,12.39528,92.78222,Drainage Area Of Andaman And Nicobar Islands Basin,Drainage Area Of Andaman And Nicobar Islands,CGWB,2.61,-1.32
175,04-11-2016,Andaman And Nicobar Islands,35,North And Middle Andaman,632,Kausalyanagar,12.39528,92.78222,Drainage Area Of Andaman And Nicobar Islands Basin,Drainage Area Of Andaman And Nicobar Islands,CGWB,0.12,-2.49
176,14-05-2017,Andaman And Nicobar Islands,35,North And Middle Andaman,632,Kausalyanagar,12.39528,92.78222,Drainage Area Of Andaman And Nicobar Islands Basin,Drainage Area Of Andaman And Nicobar Islands,CGWB,2,1.88
177,04-11-2017,Andaman And Nicobar Islands,35,North And Middle Andaman,632,Kausalyanagar,12.39528,92.78222,Drainage Area Of Andaman And Nicobar Islands Basin,Drainage Area Of Andaman And Nicobar Islands,CGWB,0.63,-1.37
178,04-04-2018,Andaman And Nicobar Islands,35,North And Middle Andaman,632,Kausalyanagar,12.39528,92.78222,Drainage Area Of Andaman And Nicobar Islands Basin,Drainage Area Of Andaman And Nicobar Islands,CGWB,0.71,0.08
179,04-04-2019,Andaman And Nicobar Islands,35,North And Middle Andaman,632,Kausalyanagar,12.39528,92.78222,Drainage Area Of Andaman And Nicobar Islands Basin,Drainage Area Of Andaman And Nicobar Islands,CGWB,0.67,-0.04
180,29-11-2019,Andaman And Nicobar Islands,35,North And Middle Andaman,632,Kausalyanagar,12.39528,92.78222,Drainage Area Of Andaman And Nicobar Islands Basin,Drainage Area Of Andaman And Nicobar Islands,CGWB,0.54,-0.13
181,14-05-2014,Andaman And Nicobar Islands,35,North And Middle Andaman,632,Pahalgaon,12.83944,92.85333,Drainage Area Of Andaman And Nicobar Islands Basin,Drainage Area Of Andaman And Nicobar Islands,CGWB,2.8,1.29
182,04-11-2014,Andaman And Nicobar Islands,35,North And Middle Andaman,632,Pahalgaon,12.83944,92.85333,Drainage Area Of Andaman And Nicobar Islands Basin,Drainage Area Of Andaman And Nicobar Islands,CGWB,1.8,-1
183,04-11-2016,Andaman And Nicobar Islands,35,North And Middle Andaman,632,Pahalgaon,12.83944,92.85333,Drainage Area Of Andaman And Nicobar Islands Basin,Drainage Area Of Andaman And Nicobar Islands,CGWB,1.89,0.09
184,14-05-2017,Andaman And Nicobar Islands,35,North And Middle Andaman,632,Pahalgaon,12.83944,92.85333,Drainage Area Of Andaman And Nicobar Islands Basin,Drainage Area Of Andaman And Nicobar Islands,CGWB,2.6,0.71
185,04-11-2017,Andaman And Nicobar Islands,35,North And Middle Andaman,632,Pahalgaon,12.83944,92.85333,Drainage Area Of Andaman And Nicobar Islands Basin,Drainage Area Of Andaman And Nicobar Islands,CGWB,1.67,-0.93
186,02-04-2018,Andaman And Nicobar Islands,35,North And Middle Andaman,632,Pahalgaon,12.83944,92.85333,Drainage Area Of Andaman And Nicobar Islands Basin,Drainage Area Of Andaman And Nicobar Islands,CGWB,1.39,-0.28
187,21-11-2018,Andaman And Nicobar Islands,35,North And Middle Andaman,632,Pahalgaon,12.83944,92.85333,Drainage Area Of Andaman And Nicobar Islands Basin,Drainage Area Of Andaman And Nicobar Islands,CGWB,2.1,0.71
188,04-04-2019,Andaman And Nicobar Islands,35,North And Middle Andaman,632,Pahalgaon,12.83944,92.85333,Drainage Area Of Andaman And Nicobar Islands Basin,Drainage Area Of Andaman And Nicobar Islands,CGWB,1.43,-0.67
189,29-11-2019,Andaman And Nicobar Islands,35,North And Middle Andaman,632,Pahalgaon,12.83944,92.85333,Drainage Area Of Andaman And Nicobar Islands Basin,Drainage Area Of Andaman And Nicobar Islands,CGWB,2.41,0.98
190,14-05-2014,Andaman And Nicobar Islands,35,North And Middle Andaman,632,Tugapur no 8,12.83972,92.85389,Drainage Area Of Andaman And Nicobar Islands Basin,Drainage Area Of Andaman And Nicobar Islands,CGWB,3.39,3.3
191,14-05-2015,Andaman And Nicobar Islands,35,North And Middle Andaman,632,Tugapur no 8,12.83972,92.85389,Drainage Area Of Andaman And Nicobar Islands Basin,Drainage Area Of Andaman And Nicobar Islands,CGWB,1.5,-1.89
192,04-11-2015,Andaman And Nicobar Islands,35,North And Middle Andaman,632,Tugapur no 8,12.83972,92.85389,Drainage Area Of Andaman And Nicobar Islands Basin,Drainage Area Of Andaman And Nicobar Islands,CGWB,0.2,-1.3
193,04-11-2016,Andaman And Nicobar Islands,35,North And Middle Andaman,632,Tugapur no 8,12.83972,92.85389,Drainage Area Of Andaman And Nicobar Islands Basin,Drainage Area Of Andaman And Nicobar Islands,CGWB,0.15,-0.05
194,14-05-2017,Andaman And Nicobar Islands,35,North And Middle Andaman,632,Tugapur no 8,12.83972,92.85389,Drainage Area Of Andaman And Nicobar Islands Basin,Drainage Area Of Andaman And Nicobar Islands,CGWB,2.17,2.02
195,04-11-2017,Andaman And Nicobar Islands,35,North And Middle Andaman,632,Tugapur no 8,12.83972,92.85389,Drainage Area Of Andaman And Nicobar Islands Basin,Drainage Area Of Andaman And Nicobar Islands,CGWB,0.21,-1.96
196,04-04-2018,Andaman And Nicobar Islands,35,North And Middle Andaman,632,Tugapur no 8,12.83972,92.85389,Drainage Area Of Andaman And Nicobar Islands Basin,Drainage Area Of Andaman And Nicobar Islands,CGWB,0.23,0.02
197,21-11-2018,Andaman And Nicobar Islands,35,North And Middle Andaman,632,Tugapur no 8,12.83972,92.85389,Drainage Area Of Andaman And Nicobar Islands Basin,Drainage Area Of Andaman And Nicobar Islands,CGWB,0.19,-0.04
198,04-04-2019,Andaman And Nicobar Islands,35,North And Middle Andaman,632,Tugapur no 8,12.83972,92.85389,Drainage Area Of Andaman And Nicobar Islands Basin,Drainage Area Of Andaman And Nicobar Islands,CGWB,0.12,-0.07
199,29-11-2019,Andaman And Nicobar Islands,35,North And Middle Andaman,632,Tugapur no 8,12.83972,92.85389,Drainage Area Of Andaman And Nicobar Islands Basin,Drainage Area Of Andaman And Nicobar Islands,CGWB,2.06,1.94
200,14-05-2014,Andaman And Nicobar Islands,35,North And Middle Andaman,632,Phooltala Basti,12.41111,92.76222,Drainage Area Of Andaman And Nicobar Islands Basin,Drainage Area Of Andaman And Nicobar Islands,CGWB,2.99,2.12
201,04-11-2014,Andaman And Nicobar Islands,35,North And Middle Andaman,632,Phooltala Basti,12.41111,92.76222,Drainage Area Of Andaman And Nicobar Islands Basin,Drainage Area Of Andaman And Nicobar Islands,CGWB,1.5,-1.49
202,14-05-2015,Andaman And Nicobar Islands,35,North And Middle Andaman,632,Phooltala Basti,12.41111,92.76222,Drainage Area Of Andaman And Nicobar Islands Basin,Drainage Area Of Andaman And Nicobar Islands,CGWB,3.61,2.11
203,04-11-2015,Andaman And Nicobar Islands,35,North And Middle Andaman,632,Phooltala Basti,12.41111,92.76222,Drainage Area Of Andaman And Nicobar Islands Basin,Drainage Area Of Andaman And Nicobar Islands,CGWB,0.8,-2.81
204,14-05-2016,Andaman And Nicobar Islands,35,North And Middle Andaman,632,Phooltala Basti,12.41111,92.76222,Drainage Area Of Andaman And Nicobar Islands Basin,Drainage Area Of Andaman And Nicobar Islands,CGWB,3.48,2.68
205,04-11-2016,Andaman And Nicobar Islands,35,North And Middle Andaman,632,Phooltala Basti,12.41111,92.76222,Drainage Area Of Andaman And Nicobar Islands Basin,Drainage Area Of Andaman And Nicobar Islands,CGWB,1.55,-1.93
206,14-05-2017,Andaman And Nicobar Islands,35,North And Middle Andaman,632,Phooltala Basti,12.41111,92.76222,Drainage Area Of Andaman And Nicobar Islands Basin,Drainage Area Of Andaman And Nicobar Islands,CGWB,3.6,2.05
207,04-11-2017,Andaman And Nicobar Islands,35,North And Middle Andaman,632,Phooltala Basti,12.41111,92.76222,Drainage Area Of Andaman And Nicobar Islands Basin,Drainage Area Of Andaman And Nicobar Islands,CGWB,0.69,-2.91
208,02-04-2018,Andaman And Nicobar Islands,35,North And Middle Andaman,632,Phooltala Basti,12.41111,92.76222,Drainage Area Of Andaman And Nicobar Islands Basin,Drainage Area Of Andaman And Nicobar Islands,CGWB,1.01,0.32
209,21-11-2018,Andaman And Nicobar Islands,35,North And Middle Andaman,632,Phooltala Basti,12.41111,92.76222,Drainage Area Of Andaman And Nicobar Islands Basin,Drainage Area Of Andaman And Nicobar Islands,CGWB,0.75,-0.26
210,04-04-2019,Andaman And Nicobar Islands,35,North And Middle Andaman,632,Phooltala Basti,12.41111,92.76222,Drainage Area Of Andaman And Nicobar Islands Basin,Drainage Area Of Andaman And Nicobar Islands,CGWB,1.75,1
211,29-11-2019,Andaman And Nicobar Islands,35,North And Middle Andaman,632,Phooltala Basti,12.41111,92.76222,Drainage Area Of Andaman And Nicobar Islands Basin,Drainage Area Of Andaman And Nicobar Islands,CGWB,1.5,-0.25
212,04-11-2013,Andaman And Nicobar Islands,35,North And Middle Andaman,632,Rest Camp,12.82778,92.85778,Drainage Area Of Andaman And Nicobar Islands Basin,Drainage Area Of Andaman And Nicobar Islands,CGWB,0.38,-0.04
213,14-05-2014,Andaman And Nicobar Islands,35,North And Middle Andaman,632,Rest Camp,12.82778,92.85778,Drainage Area Of Andaman And Nicobar Islands Basin,Drainage Area Of Andaman And Nicobar Islands,CGWB,2.78,2.4
214,04-11-2014,Andaman And Nicobar Islands,35,North And Middle Andaman,632,Rest Camp,12.82778,92.85778,Drainage Area Of Andaman And Nicobar Islands Basin,Drainage Area Of Andaman And Nicobar Islands,CGWB,0.63,-2.15
215,14-05-2015,Andaman And Nicobar Islands,35,North And Middle Andaman,632,Rest Camp,12.82778,92.85778,Drainage Area Of Andaman And Nicobar Islands Basin,Drainage Area Of Andaman And Nicobar Islands,CGWB,3.16,2.53
216,04-11-2015,Andaman And Nicobar Islands,35,North And Middle Andaman,632,Rest Camp,12.82778,92.85778,Drainage Area Of Andaman And Nicobar Islands Basin,Drainage Area Of Andaman And Nicobar Islands,CGWB,0.39,-2.77
217,04-11-2016,Andaman And Nicobar Islands,35,North And Middle Andaman,632,Rest Camp,12.82778,92.85778,Drainage Area Of Andaman And Nicobar Islands Basin,Drainage Area Of Andaman And Nicobar Islands,CGWB,0.42,0.03
218,14-05-2017,Andaman And Nicobar Islands,35,North And Middle Andaman,632,Rest Camp,12.82778,92.85778,Drainage Area Of Andaman And Nicobar Islands Basin,Drainage Area Of Andaman And Nicobar Islands,CGWB,2.35,1.93
219,04-11-2017,Andaman And Nicobar Islands,35,North And Middle Andaman,632,Rest Camp,12.82778,92.85778,Drainage Area Of Andaman And Nicobar Islands Basin,Drainage Area Of Andaman And Nicobar Islands,CGWB,0.19,-2.16
220,04-04-2018,Andaman And Nicobar Islands,35,North And Middle Andaman,632,Rest Camp,12.82778,92.85778,Drainage Area Of Andaman And Nicobar Islands Basin,Drainage Area Of Andaman And Nicobar Islands,CGWB,0.27,0.08
221,21-11-2018,Andaman And Nicobar Islands,35,North And Middle Andaman,632,Rest Camp,12.82778,92.85778,Drainage Area Of Andaman And Nicobar Islands Basin,Drainage Area Of Andaman And Nicobar Islands,CGWB,0.43,0.16
222,04-04-2019,Andaman And Nicobar Islands,35,North And Middle Andaman,632,Rest Camp,12.82778,92.85778,Drainage Area Of Andaman And Nicobar Islands Basin,Drainage Area Of Andaman And Nicobar Islands,CGWB,0.28,-0.15
223,29-11-2019,Andaman And Nicobar Islands,35,North And Middle Andaman,632,Rest Camp,12.82778,92.85778,Drainage Area Of Andaman And Nicobar Islands Basin,Drainage Area Of Andaman And Nicobar Islands,CGWB,2.14,1.86
224,14-05-2014,Andaman And Nicobar Islands,35,North And Middle Andaman,632,Baratang (Nilambur),12.16694,92.76556,Drainage Area Of Andaman And Nicobar Islands Basin,Drainage Area Of Andaman And Nicobar Islands,CGWB,3.09,3.08
225,04-11-2014,Andaman And Nicobar Islands,35,North And Middle Andaman,632,Baratang (Nilambur),12.16694,92.76556,Drainage Area Of Andaman And Nicobar Islands Basin,Drainage Area Of Andaman And Nicobar Islands,CGWB,0.19,-2.9
226,14-05-2015,Andaman And Nicobar Islands,35,North And Middle Andaman,632,Baratang (Nilambur),12.16694,92.76556,Drainage Area Of Andaman And Nicobar Islands Basin,Drainage Area Of Andaman And Nicobar Islands,CGWB,1.89,1.7
227,04-11-2015,Andaman And Nicobar Islands,35,North And Middle Andaman,632,Baratang (Nilambur),12.16694,92.76556,Drainage Area Of Andaman And Nicobar Islands Basin,Drainage Area Of Andaman And Nicobar Islands,CGWB,0.27,-1.62
228,14-05-2016,Andaman And Nicobar Islands,35,North And Middle Andaman,632,Baratang (Nilambur),12.16694,92.76556,Drainage Area Of Andaman And Nicobar Islands Basin,Drainage Area Of Andaman And Nicobar Islands,CGWB,3.45,3.18
229,04-11-2016,Andaman And Nicobar Islands,35,North And Middle Andaman,632,Baratang (Nilambur),12.16694,92.76556,Drainage Area Of Andaman And Nicobar Islands Basin,Drainage Area Of Andaman And Nicobar Islands,CGWB,0.09,-3.36
230,14-05-2017,Andaman And Nicobar Islands,35,North And Middle Andaman,632,Baratang (Nilambur),12.16694,92.76556,Drainage Area Of Andaman And Nicobar Islands Basin,Drainage Area Of Andaman And Nicobar Islands,CGWB,1.84,1.75
231,04-11-2017,Andaman And Nicobar Islands,35,North And Middle Andaman,632,Baratang (Nilambur),12.16694,92.76556,Drainage Area Of Andaman And Nicobar Islands Basin,Drainage Area Of Andaman And Nicobar Islands,CGWB,0.1,-1.74
232,04-04-2018,Andaman And Nicobar Islands,35,North And Middle Andaman,632,Baratang (Nilambur),12.16694,92.76556,Drainage Area Of Andaman And Nicobar Islands Basin,Drainage Area Of Andaman And Nicobar Islands,CGWB,0.9,0.8
233,21-11-2018,Andaman And Nicobar Islands,35,North And Middle Andaman,632,Baratang (Nilambur),12.16694,92.76556,Drainage Area Of Andaman And Nicobar Islands Basin,Drainage Area Of Andaman And Nicobar Islands,CGWB,0.09,-0.81
234,04-04-2019,Andaman And Nicobar Islands,35,North And Middle Andaman,632,Baratang (Nilambur),12.16694,92.76556,Drainage Area Of Andaman And Nicobar Islands Basin,Drainage Area Of Andaman And Nicobar Islands,CGWB,0.49,0.4
235,29-11-2019,Andaman And Nicobar Islands,35,North And Middle Andaman,632,Baratang (Nilambur),12.16694,92.76556,Drainage Area Of Andaman And Nicobar Islands Basin,Drainage Area Of Andaman And Nicobar Islands,CGWB,0.69,0.2
236,04-11-2013,Andaman And Nicobar Islands,35,North And Middle Andaman,632,Mohanpur ATR,13.11,92.85,Drainage Area Of Andaman And Nicobar Islands Basin,Drainage Area Of Andaman And Nicobar Islands,CGWB,1.42,-0.07
237,14-05-2014,Andaman And Nicobar Islands,35,North And Middle Andaman,632,Mohanpur ATR,13.11,92.85,Drainage Area Of Andaman And Nicobar Islands Basin,Drainage Area Of Andaman And Nicobar Islands,CGWB,2.64,1.22
238,04-11-2014,Andaman And Nicobar Islands,35,North And Middle Andaman,632,Mohanpur ATR,13.11,92.85,Drainage Area Of Andaman And Nicobar Islands Basin,Drainage Area Of Andaman And Nicobar Islands,CGWB,1.59,-1.05
239,04-11-2015,Andaman And Nicobar Islands,35,North And Middle Andaman,632,Mohanpur ATR,13.11,92.85,Drainage Area Of Andaman And Nicobar Islands Basin,Drainage Area Of Andaman And Nicobar Islands,CGWB,0.44,-1.15
240,14-05-2016,Andaman And Nicobar Islands,35,North And Middle Andaman,632,Mohanpur ATR,13.11,92.85,Drainage Area Of Andaman And Nicobar Islands Basin,Drainage Area Of Andaman And Nicobar Islands,CGWB,2.96,2.52
241,04-11-2016,Andaman And Nicobar Islands,35,North And Middle Andaman,632,Mohanpur ATR,13.11,92.85,Drainage Area Of Andaman And Nicobar Islands Basin,Drainage Area Of Andaman And Nicobar Islands,CGWB,1.5,-1.46
242,21-11-2018,Andaman And Nicobar Islands,35,North And Middle Andaman,632,Mohanpur ATR,13.11,92.85,Drainage Area Of Andaman And Nicobar Islands Basin,Drainage Area Of Andaman And Nicobar Islands,CGWB,1.49,-0.01
243,14-05-2014,Andaman And Nicobar Islands,35,North And Middle Andaman,632,Porlobjig-15,12.33583,92.76556,Drainage Area Of Andaman And Nicobar Islands Basin,Drainage Area Of Andaman And Nicobar Islands,CGWB,2.05,0.1
244,04-11-2014,Andaman And Nicobar Islands,35,North And Middle Andaman,632,Porlobjig-15,12.33583,92.76556,Drainage Area Of Andaman And Nicobar Islands Basin,Drainage Area Of Andaman And Nicobar Islands,CGWB,2.01,-0.04
245,14-05-2015,Andaman And Nicobar Islands,35,North And Middle Andaman,632,Porlobjig-15,12.33583,92.76556,Drainage Area Of Andaman And Nicobar Islands Basin,Drainage Area Of Andaman And Nicobar Islands,CGWB,2.07,0.06
246,04-11-2015,Andaman And Nicobar Islands,35,North And Middle Andaman,632,Porlobjig-15,12.33583,92.76556,Drainage Area Of Andaman And Nicobar Islands Basin,Drainage Area Of Andaman And Nicobar Islands,CGWB,1.74,-0.33
247,14-05-2016,Andaman And Nicobar Islands,35,North And Middle Andaman,632,Porlobjig-15,12.33583,92.76556,Drainage Area Of Andaman And Nicobar Islands Basin,Drainage Area Of Andaman And Nicobar Islands,CGWB,2.43,0.69
248,04-11-2016,Andaman And Nicobar Islands,35,North And Middle Andaman,632,Porlobjig-15,12.33583,92.76556,Drainage Area Of Andaman And Nicobar Islands Basin,Drainage Area Of Andaman And Nicobar Islands,CGWB,1.99,-0.44
249,04-11-2017,Andaman And Nicobar Islands,35,North And Middle Andaman,632,Porlobjig-15,12.33583,92.76556,Drainage Area Of Andaman And Nicobar Islands Basin,Drainage Area Of Andaman And Nicobar Islands,CGWB,1.88,-0.11
250,04-04-2018,Andaman And Nicobar Islands,35,North And Middle Andaman,632,Porlobjig-15,12.33583,92.76556,Drainage Area Of Andaman And Nicobar Islands Basin,Drainage Area Of Andaman And Nicobar Islands,CGWB,2.07,0.19
251,21-11-2018,Andaman And Nicobar Islands,35,North And Middle Andaman,632,Porlobjig-15,12.33583,92.76556,Drainage Area Of Andaman And Nicobar Islands Basin,Drainage Area Of Andaman And Nicobar Islands,CGWB,1.96,-0.11
252,04-04-2019,Andaman And Nicobar Islands,35,North And Middle Andaman,632,Porlobjig-15,12.33583,92.76556,Drainage Area Of Andaman And Nicobar Islands Basin,Drainage Area Of Andaman And Nicobar Islands,CGWB,1.69,-0.27
253,29-11-2019,Andaman And Nicobar Islands,35,North And Middle Andaman,632,Porlobjig-15,12.33583,92.76556,Drainage Area Of Andaman And Nicobar Islands Basin,Drainage Area Of Andaman And Nicobar Islands,CGWB,2.08,0.39
254,14-05-2014,Andaman And Nicobar Islands,35,North And Middle Andaman,632,Long Island (Forest Area),12.36667,92.92278,Drainage Area Of Andaman And Nicobar Islands Basin,Drainage Area Of Andaman And Nicobar Islands,CGWB,2.61,1.48
255,04-11-2014,Andaman And Nicobar Islands,35,North And Middle Andaman,632,Long Island (Forest Area),12.36667,92.92278,Drainage Area Of Andaman And Nicobar Islands Basin,Drainage Area Of Andaman And Nicobar Islands,CGWB,2.11,-0.5
256,04-11-2015,Andaman And Nicobar Islands,35,North And Middle Andaman,632,Long Island (Forest Area),12.36667,92.92278,Drainage Area Of Andaman And Nicobar Islands Basin,Drainage Area Of Andaman And Nicobar Islands,CGWB,2.55,0.44
257,14-05-2016,Andaman And Nicobar Islands,35,North And Middle Andaman,632,Long Island (Forest Area),12.36667,92.92278,Drainage Area Of Andaman And Nicobar Islands Basin,Drainage Area Of Andaman And Nicobar Islands,CGWB,2.3,-0.25
258,04-11-2016,Andaman And Nicobar Islands,35,North And Middle Andaman,632,Long Island (Forest Area),12.36667,92.92278,Drainage Area Of Andaman And Nicobar Islands Basin,Drainage Area Of Andaman And Nicobar Islands,CGWB,2.17,-0.13
259,04-11-2017,Andaman And Nicobar Islands,35,North And Middle Andaman,632,Long Island (Forest Area),12.36667,92.92278,Drainage Area Of Andaman And Nicobar Islands Basin,Drainage Area Of Andaman And Nicobar Islands,CGWB,1.7,-0.47
260,04-04-2018,Andaman And Nicobar Islands,35,North And Middle Andaman,632,Long Island (Forest Area),12.36667,92.92278,Drainage Area Of Andaman And Nicobar Islands Basin,Drainage Area Of Andaman And Nicobar Islands,CGWB,2.19,0.49
261,04-04-2019,Andaman And Nicobar Islands,35,North And Middle Andaman,632,Long Island (Forest Area),12.36667,92.92278,Drainage Area Of Andaman And Nicobar Islands Basin,Drainage Area Of Andaman And Nicobar Islands,CGWB,0.57,-1.62
262,14-05-2014,Andaman And Nicobar Islands,35,North And Middle Andaman,632,Rangat,12.50556,92.91167,Drainage Area Of Andaman And Nicobar Islands Basin,Drainage Area Of Andaman And Nicobar Islands,CGWB,1.37,0.74
263,04-11-2014,Andaman And Nicobar Islands,35,North And Middle Andaman,632,Rangat,12.50556,92.91167,Drainage Area Of Andaman And Nicobar Islands Basin,Drainage Area Of Andaman And Nicobar Islands,CGWB,0.7,-0.67
264,14-05-2015,Andaman And Nicobar Islands,35,North And Middle Andaman,632,Rangat,12.50556,92.91167,Drainage Area Of Andaman And Nicobar Islands Basin,Drainage Area Of Andaman And Nicobar Islands,CGWB,0.66,-0.04
265,04-11-2015,Andaman And Nicobar Islands,35,North And Middle Andaman,632,Rangat,12.50556,92.91167,Drainage Area Of Andaman And Nicobar Islands Basin,Drainage Area Of Andaman And Nicobar Islands,CGWB,0.77,0.11
266,04-11-2016,Andaman And Nicobar Islands,35,North And Middle Andaman,632,Rangat,12.50556,92.91167,Drainage Area Of Andaman And Nicobar Islands Basin,Drainage Area Of Andaman And Nicobar Islands,CGWB,0.7,-0.07
267,14-05-2017,Andaman And Nicobar Islands,35,North And Middle Andaman,632,Rangat,12.50556,92.91167,Drainage Area Of Andaman And Nicobar Islands Basin,Drainage Area Of Andaman And Nicobar Islands,CGWB,0.52,-0.18
268,04-11-2017,Andaman And Nicobar Islands,35,North And Middle Andaman,632,Rangat,12.50556,92.91167,Drainage Area Of Andaman And Nicobar Islands Basin,Drainage Area Of Andaman And Nicobar Islands,CGWB,0.53,0.01
269,04-04-2018,Andaman And Nicobar Islands,35,North And Middle Andaman,632,Rangat,12.50556,92.91167,Drainage Area Of Andaman And Nicobar Islands Basin,Drainage Area Of Andaman And Nicobar Islands,CGWB,0.55,0.02
270,21-11-2018,Andaman And Nicobar Islands,35,North And Middle Andaman,632,Rangat,12.50556,92.91167,Drainage Area Of Andaman And Nicobar Islands Basin,Drainage Area Of Andaman And Nicobar Islands,CGWB,0.65,0.1
271,04-04-2019,Andaman And Nicobar Islands,35,North And Middle Andaman,632,Rangat,12.50556,92.91167,Drainage Area Of Andaman And Nicobar Islands Basin,Drainage Area Of Andaman And Nicobar Islands,CGWB,0.5,-0.15
272,29-11-2019,Andaman And Nicobar Islands,35,North And Middle Andaman,632,Rangat,12.50556,92.91167,Drainage Area Of Andaman And Nicobar Islands Basin,Drainage Area Of Andaman And Nicobar Islands,CGWB,0.85,0.35
273,14-05-2014,Andaman And Nicobar Islands,35,North And Middle Andaman,632,Keralapuram,13.26028,93.01361,Drainage Area Of Andaman And Nicobar Islands Basin,Drainage Area Of Andaman And Nicobar Islands,CGWB,3.75,1.49
274,04-11-2014,Andaman And Nicobar Islands,35,North And Middle Andaman,632,Keralapuram,13.26028,93.01361,Drainage Area Of Andaman And Nicobar Islands Basin,Drainage Area Of Andaman And Nicobar Islands,CGWB,1.65,-2.1
275,14-05-2015,Andaman And Nicobar Islands,35,North And Middle Andaman,632,Keralapuram,13.26028,93.01361,Drainage Area Of Andaman And Nicobar Islands Basin,Drainage Area Of Andaman And Nicobar Islands,CGWB,1.74,0.09
276,04-11-2015,Andaman And Nicobar Islands,35,North And Middle Andaman,632,Keralapuram,13.26028,93.01361,Drainage Area Of Andaman And Nicobar Islands Basin,Drainage Area Of Andaman And Nicobar Islands,CGWB,2.73,0.99
277,14-05-2016,Andaman And Nicobar Islands,35,North And Middle Andaman,632,Keralapuram,13.26028,93.01361,Drainage Area Of Andaman And Nicobar Islands Basin,Drainage Area Of Andaman And Nicobar Islands,CGWB,3.11,0.38
278,04-11-2016,Andaman And Nicobar Islands,35,North And Middle Andaman,632,Keralapuram,13.26028,93.01361,Drainage Area Of Andaman And Nicobar Islands Basin,Drainage Area Of Andaman And Nicobar Islands,CGWB,1.69,-1.42
279,14-05-2017,Andaman And Nicobar Islands,35,North And Middle Andaman,632,Keralapuram,13.26028,93.01361,Drainage Area Of Andaman And Nicobar Islands Basin,Drainage Area Of Andaman And Nicobar Islands,CGWB,2.95,1.26
280,04-11-2017,Andaman And Nicobar Islands,35,North And Middle Andaman,632,Keralapuram,13.26028,93.01361,Drainage Area Of Andaman And Nicobar Islands Basin,Drainage Area Of Andaman And Nicobar Islands,CGWB,2.43,-0.52
281,02-04-2018,Andaman And Nicobar Islands,35,North And Middle Andaman,632,Keralapuram,13.26028,93.01361,Drainage Area Of Andaman And Nicobar Islands Basin,Drainage Area Of Andaman And Nicobar Islands,CGWB,1.76,-0.67
282,21-11-2018,Andaman And Nicobar Islands,35,North And Middle Andaman,632,Keralapuram,13.26028,93.01361,Drainage Area Of Andaman And Nicobar Islands Basin,Drainage Area Of Andaman And Nicobar Islands,CGWB,2.4,0.64
283,04-04-2019,Andaman And Nicobar Islands,35,North And Middle Andaman,632,Keralapuram,13.26028,93.01361,Drainage Area Of Andaman And Nicobar Islands Basin,Drainage Area Of Andaman And Nicobar Islands,CGWB,1.39,-1.01
284,29-11-2019,Andaman And Nicobar Islands,35,North And Middle Andaman,632,Keralapuram,13.26028,93.01361,Drainage Area Of Andaman And Nicobar Islands Basin,Drainage Area Of Andaman And Nicobar Islands,CGWB,4.21,2.82
285,14-05-2014,Andaman And Nicobar Islands,35,North And Middle Andaman,632,Long Island Sec School,12.36611,92.92028,Drainage Area Of Andaman And Nicobar Islands Basin,Drainage Area Of Andaman And Nicobar Islands,CGWB,2.37,1.25
286,04-11-2014,Andaman And Nicobar Islands,35,North And Middle Andaman,632,Long Island Sec School,12.36611,92.92028,Drainage Area Of Andaman And Nicobar Islands Basin,Drainage Area Of Andaman And Nicobar Islands,CGWB,1.72,-0.65
287,04-11-2015,Andaman And Nicobar Islands,35,North And Middle Andaman,632,Long Island Sec School,12.36611,92.92028,Drainage Area Of Andaman And Nicobar Islands Basin,Drainage Area Of Andaman And Nicobar Islands,CGWB,1.58,-0.14
288,14-05-2016,Andaman And Nicobar Islands,35,North And Middle Andaman,632,Long Island Sec School,12.36611,92.92028,Drainage Area Of Andaman And Nicobar Islands Basin,Drainage Area Of Andaman And Nicobar Islands,CGWB,2.31,0.73
289,04-11-2016,Andaman And Nicobar Islands,35,North And Middle Andaman,632,Long Island Sec School,12.36611,92.92028,Drainage Area Of Andaman And Nicobar Islands Basin,Drainage Area Of Andaman And Nicobar Islands,CGWB,1.75,-0.56
290,04-04-2018,Andaman And Nicobar Islands,35,North And Middle Andaman,632,Long Island Sec School,12.36611,92.92028,Drainage Area Of Andaman And Nicobar Islands Basin,Drainage Area Of Andaman And Nicobar Islands,CGWB,2.38,0.63
291,04-04-2019,Andaman And Nicobar Islands,35,North And Middle Andaman,632,Long Island Sec School,12.36611,92.92028,Drainage Area Of Andaman And Nicobar Islands Basin,Drainage Area Of Andaman And Nicobar Islands,CGWB,1.12,-1.26
292,14-05-2014,Andaman And Nicobar Islands,35,North And Middle Andaman,632,Webi Debipur,12.86694,92.87194,Drainage Area Of Andaman And Nicobar Islands Basin,Drainage Area Of Andaman And Nicobar Islands,CGWB,5.65,1.18
293,04-11-2014,Andaman And Nicobar Islands,35,North And Middle Andaman,632,Webi Debipur,12.86694,92.87194,Drainage Area Of Andaman And Nicobar Islands Basin,Drainage Area Of Andaman And Nicobar Islands,CGWB,0.4,-5.25
294,14-05-2015,Andaman And Nicobar Islands,35,North And Middle Andaman,632,Webi Debipur,12.86694,92.87194,Drainage Area Of Andaman And Nicobar Islands Basin,Drainage Area Of Andaman And Nicobar Islands,CGWB,5.47,5.07
295,04-11-2015,Andaman And Nicobar Islands,35,North And Middle Andaman,632,Webi Debipur,12.86694,92.87194,Drainage Area Of Andaman And Nicobar Islands Basin,Drainage Area Of Andaman And Nicobar Islands,CGWB,1.83,-3.64
296,14-05-2016,Andaman And Nicobar Islands,35,North And Middle Andaman,632,Webi Debipur,12.86694,92.87194,Drainage Area Of Andaman And Nicobar Islands Basin,Drainage Area Of Andaman And Nicobar Islands,CGWB,5.38,3.55
297,04-11-2016,Andaman And Nicobar Islands,35,North And Middle Andaman,632,Webi Debipur,12.86694,92.87194,Drainage Area Of Andaman And Nicobar Islands Basin,Drainage Area Of Andaman And Nicobar Islands,CGWB,0.45,-4.93
298,14-05-2017,Andaman And Nicobar Islands,35,North And Middle Andaman,632,Webi Debipur,12.86694,92.87194,Drainage Area Of Andaman And Nicobar Islands Basin,Drainage Area Of Andaman And Nicobar Islands,CGWB,3.83,3.38
299,04-11-2017,Andaman And Nicobar Islands,35,North And Middle Andaman,632,Webi Debipur,12.86694,92.87194,Drainage Area Of Andaman And Nicobar Islands Basin,Drainage Area Of Andaman And Nicobar Islands,CGWB,0.16,-3.67
300,02-04-2018,Andaman And Nicobar Islands,35,North And Middle Andaman,632,Webi Debipur,12.86694,92.87194,Drainage Area Of Andaman And Nicobar Islands Basin,Drainage Area Of Andaman And Nicobar Islands,CGWB,3.78,3.62
301,21-11-2018,Andaman And Nicobar Islands,35,North And Middle Andaman,632,Webi Debipur,12.86694,92.87194,Drainage Area Of Andaman And Nicobar Islands Basin,Drainage Area Of Andaman And Nicobar Islands,CGWB,0.35,-3.43
302,04-04-2019,Andaman And Nicobar Islands,35,North And Middle Andaman,632,Webi Debipur,12.86694,92.87194,Drainage Area Of Andaman And Nicobar Islands Basin,Drainage Area Of Andaman And Nicobar Islands,CGWB,4.56,4.21
303,29-11-2019,Andaman And Nicobar Islands,35,North And Middle Andaman,632,Webi Debipur,12.86694,92.87194,Drainage Area Of Andaman And Nicobar Islands Basin,Drainage Area Of Andaman And Nicobar Islands,CGWB,0.87,-3.69
304,14-05-2014,Andaman And Nicobar Islands,35,North And Middle Andaman,632,Swadeshnagar,12.61444,92.93194,Drainage Area Of Andaman And Nicobar Islands Basin,Drainage Area Of Andaman And Nicobar Islands,CGWB,3.29,2.59
305,04-11-2014,Andaman And Nicobar Islands,35,North And Middle Andaman,632,Swadeshnagar,12.61444,92.93194,Drainage Area Of Andaman And Nicobar Islands Basin,Drainage Area Of Andaman And Nicobar Islands,CGWB,1.39,-1.9
306,04-11-2015,Andaman And Nicobar Islands,35,North And Middle Andaman,632,Swadeshnagar,12.61444,92.93194,Drainage Area Of Andaman And Nicobar Islands Basin,Drainage Area Of Andaman And Nicobar Islands,CGWB,1.27,-0.12
307,04-11-2016,Andaman And Nicobar Islands,35,North And Middle Andaman,632,Swadeshnagar,12.61444,92.93194,Drainage Area Of Andaman And Nicobar Islands Basin,Drainage Area Of Andaman And Nicobar Islands,CGWB,0.75,-0.52
308,14-05-2017,Andaman And Nicobar Islands,35,North And Middle Andaman,632,Swadeshnagar,12.61444,92.93194,Drainage Area Of Andaman And Nicobar Islands Basin,Drainage Area Of Andaman And Nicobar Islands,CGWB,2.21,1.46
309,04-11-2017,Andaman And Nicobar Islands,35,North And Middle Andaman,632,Swadeshnagar,12.61444,92.93194,Drainage Area Of Andaman And Nicobar Islands Basin,Drainage Area Of Andaman And Nicobar Islands,CGWB,1.21,-1
310,04-04-2018,Andaman And Nicobar Islands,35,North And Middle Andaman,632,Swadeshnagar,12.61444,92.93194,Drainage Area Of Andaman And Nicobar Islands Basin,Drainage Area Of Andaman And Nicobar Islands,CGWB,0.13,-1.08
311,21-11-2018,Andaman And Nicobar Islands,35,North And Middle Andaman,632,Swadeshnagar,12.61444,92.93194,Drainage Area Of Andaman And Nicobar Islands Basin,Drainage Area Of Andaman And Nicobar Islands,CGWB,1.19,1.06
312,29-11-2019,Andaman And Nicobar Islands,35,North And Middle Andaman,632,Swadeshnagar,12.61444,92.93194,Drainage Area Of Andaman And Nicobar Islands Basin,Drainage Area Of Andaman And Nicobar Islands,CGWB,1.61,0.42
313,14-05-2014,Andaman And Nicobar Islands,35,North And Middle Andaman,632,South Creek Sundergarh,12.18694,92.79167,Drainage Area Of Andaman And Nicobar Islands Basin,Drainage Area Of Andaman And Nicobar Islands,CGWB,3.4,1.54
314,04-11-2014,Andaman And Nicobar Islands,35,North And Middle Andaman,632,South Creek Sundergarh,12.18694,92.79167,Drainage Area Of Andaman And Nicobar Islands Basin,Drainage Area Of Andaman And Nicobar Islands,CGWB,0.9,-2.5
315,14-05-2015,Andaman And Nicobar Islands,35,North And Middle Andaman,632,South Creek Sundergarh,12.18694,92.79167,Drainage Area Of Andaman And Nicobar Islands Basin,Drainage Area Of Andaman And Nicobar Islands,CGWB,1.62,0.72
316,04-11-2015,Andaman And Nicobar Islands,35,North And Middle Andaman,632,South Creek Sundergarh,12.18694,92.79167,Drainage Area Of Andaman And Nicobar Islands Basin,Drainage Area Of Andaman And Nicobar Islands,CGWB,0.62,-1
317,04-11-2016,Andaman And Nicobar Islands,35,North And Middle Andaman,632,South Creek Sundergarh,12.18694,92.79167,Drainage Area Of Andaman And Nicobar Islands Basin,Drainage Area Of Andaman And Nicobar Islands,CGWB,0.99,0.37
318,14-05-2017,Andaman And Nicobar Islands,35,North And Middle Andaman,632,South Creek Sundergarh,12.18694,92.79167,Drainage Area Of Andaman And Nicobar Islands Basin,Drainage Area Of Andaman And Nicobar Islands,CGWB,2.05,1.06
319,04-11-2017,Andaman And Nicobar Islands,35,North And Middle Andaman,632,South Creek Sundergarh,12.18694,92.79167,Drainage Area Of Andaman And Nicobar Islands Basin,Drainage Area Of Andaman And Nicobar Islands,CGWB,0.53,-1.52
320,02-04-2018,Andaman And Nicobar Islands,35,North And Middle Andaman,632,South Creek Sundergarh,12.18694,92.79167,Drainage Area Of Andaman And Nicobar Islands Basin,Drainage Area Of Andaman And Nicobar Islands,CGWB,0.31,-0.22
321,21-11-2018,Andaman And Nicobar Islands,35,North And Middle Andaman,632,South Creek Sundergarh,12.18694,92.79167,Drainage Area Of Andaman And Nicobar Islands Basin,Drainage Area Of Andaman And Nicobar Islands,CGWB,0.75,0.44
322,04-04-2019,Andaman And Nicobar Islands,35,North And Middle Andaman,632,South Creek Sundergarh,12.18694,92.79167,Drainage Area Of Andaman And Nicobar Islands Basin,Drainage Area Of Andaman And Nicobar Islands,CGWB,0.58,-0.17
323,29-11-2019,Andaman And Nicobar Islands,35,North And Middle Andaman,632,South Creek Sundergarh,12.18694,92.79167,Drainage Area Of Andaman And Nicobar Islands Basin,Drainage Area Of Andaman And Nicobar Islands,CGWB,1.56,0.98
324,14-05-2014,Andaman And Nicobar Islands,35,North And Middle Andaman,632,Parnshala,12.52333,92.90667,Drainage Area Of Andaman And Nicobar Islands Basin,Drainage Area Of Andaman And Nicobar Islands,CGWB,0.4,0.25
325,04-11-2014,Andaman And Nicobar Islands,35,North And Middle Andaman,632,Parnshala,12.52333,92.90667,Drainage Area Of Andaman And Nicobar Islands Basin,Drainage Area Of Andaman And Nicobar Islands,CGWB,0.73,0.33
326,14-05-2015,Andaman And Nicobar Islands,35,North And Middle Andaman,632,Parnshala,12.52333,92.90667,Drainage Area Of Andaman And Nicobar Islands Basin,Drainage Area Of Andaman And Nicobar Islands,CGWB,2.57,1.84
327,04-11-2015,Andaman And Nicobar Islands,35,North And Middle Andaman,632,Parnshala,12.52333,92.90667,Drainage Area Of Andaman And Nicobar Islands Basin,Drainage Area Of Andaman And Nicobar Islands,CGWB,0.7,-1.87
328,14-05-2016,Andaman And Nicobar Islands,35,North And Middle Andaman,632,Parnshala,12.52333,92.90667,Drainage Area Of Andaman And Nicobar Islands Basin,Drainage Area Of Andaman And Nicobar Islands,CGWB,1.27,0.57
329,04-11-2016,Andaman And Nicobar Islands,35,North And Middle Andaman,632,Parnshala,12.52333,92.90667,Drainage Area Of Andaman And Nicobar Islands Basin,Drainage Area Of Andaman And Nicobar Islands,CGWB,0.25,-1.02
330,14-05-2017,Andaman And Nicobar Islands,35,North And Middle Andaman,632,Parnshala,12.52333,92.90667,Drainage Area Of Andaman And Nicobar Islands Basin,Drainage Area Of Andaman And Nicobar Islands,CGWB,3.17,2.92
331,04-11-2017,Andaman And Nicobar Islands,35,North And Middle Andaman,632,Parnshala,12.52333,92.90667,Drainage Area Of Andaman And Nicobar Islands Basin,Drainage Area Of Andaman And Nicobar Islands,CGWB,0.61,-2.56
332,04-04-2018,Andaman And Nicobar Islands,35,North And Middle Andaman,632,Parnshala,12.52333,92.90667,Drainage Area Of Andaman And Nicobar Islands Basin,Drainage Area Of Andaman And Nicobar Islands,CGWB,0.73,0.12
333,21-11-2018,Andaman And Nicobar Islands,35,North And Middle Andaman,632,Parnshala,12.52333,92.90667,Drainage Area Of Andaman And Nicobar Islands Basin,Drainage Area Of Andaman And Nicobar Islands,CGWB,0.43,-0.3
334,04-04-2019,Andaman And Nicobar Islands,35,North And Middle Andaman,632,Parnshala,12.52333,92.90667,Drainage Area Of Andaman And Nicobar Islands Basin,Drainage Area Of Andaman And Nicobar Islands,CGWB,0.04,-0.39
335,29-11-2019,Andaman And Nicobar Islands,35,North And Middle Andaman,632,Parnshala,12.52333,92.90667,Drainage Area Of Andaman And Nicobar Islands Basin,Drainage Area Of Andaman And Nicobar Islands,CGWB,1.13,1.09
336,14-05-2014,Andaman And Nicobar Islands,35,North And Middle Andaman,632,Milangram,13.31389,92.9425,Drainage Area Of Andaman And Nicobar Islands Basin,Drainage Area Of Andaman And Nicobar Islands,CGWB,2.58,0.75
337,04-11-2014,Andaman And Nicobar Islands,35,North And Middle Andaman,632,Milangram,13.31389,92.9425,Drainage Area Of Andaman And Nicobar Islands Basin,Drainage Area Of Andaman And Nicobar Islands,CGWB,0.7,-1.88
338,14-05-2015,Andaman And Nicobar Islands,35,North And Middle Andaman,632,Milangram,13.31389,92.9425,Drainage Area Of Andaman And Nicobar Islands Basin,Drainage Area Of Andaman And Nicobar Islands,CGWB,2.17,1.47
339,04-11-2015,Andaman And Nicobar Islands,35,North And Middle Andaman,632,Milangram,13.31389,92.9425,Drainage Area Of Andaman And Nicobar Islands Basin,Drainage Area Of Andaman And Nicobar Islands,CGWB,0.73,-1.44
340,14-05-2016,Andaman And Nicobar Islands,35,North And Middle Andaman,632,Milangram,13.31389,92.9425,Drainage Area Of Andaman And Nicobar Islands Basin,Drainage Area Of Andaman And Nicobar Islands,CGWB,2.27,1.54
341,04-11-2016,Andaman And Nicobar Islands,35,North And Middle Andaman,632,Milangram,13.31389,92.9425,Drainage Area Of Andaman And Nicobar Islands Basin,Drainage Area Of Andaman And Nicobar Islands,CGWB,0.79,-1.48
342,14-05-2017,Andaman And Nicobar Islands,35,North And Middle Andaman,632,Milangram,13.31389,92.9425,Drainage Area Of Andaman And Nicobar Islands Basin,Drainage Area Of Andaman And Nicobar Islands,CGWB,5.4,4.61
343,02-04-2018,Andaman And Nicobar Islands,35,North And Middle Andaman,632,Milangram,13.31389,92.9425,Drainage Area Of Andaman And Nicobar Islands Basin,Drainage Area Of Andaman And Nicobar Islands,CGWB,0.3,-5.1
344,21-11-2018,Andaman And Nicobar Islands,35,North And Middle Andaman,632,Milangram,13.31389,92.9425,Drainage Area Of Andaman And Nicobar Islands Basin,Drainage Area Of Andaman And Nicobar Islands,CGWB,0.7,0.4
345,04-04-2019,Andaman And Nicobar Islands,35,North And Middle Andaman,632,Milangram,13.31389,92.9425,Drainage Area Of Andaman And Nicobar Islands Basin,Drainage Area Of Andaman And Nicobar Islands,CGWB,0.49,-0.21
346,29-11-2019,Andaman And Nicobar Islands,35,North And Middle Andaman,632,Milangram,13.31389,92.9425,Drainage Area Of Andaman And Nicobar Islands Basin,Drainage Area Of Andaman And Nicobar Islands,CGWB,0.94,0.45
347,14-05-2014,Andaman And Nicobar Islands,35,North And Middle Andaman,632,Long Island,12.36806,92.92,Drainage Area Of Andaman And Nicobar Islands Basin,Drainage Area Of Andaman And Nicobar Islands,CGWB,2.01,0.85
348,04-11-2014,Andaman And Nicobar Islands,35,North And Middle Andaman,632,Long Island,12.36806,92.92,Drainage Area Of Andaman And Nicobar Islands Basin,Drainage Area Of Andaman And Nicobar Islands,CGWB,1.44,-0.57
349,04-11-2015,Andaman And Nicobar Islands,35,North And Middle Andaman,632,Long Island,12.36806,92.92,Drainage Area Of Andaman And Nicobar Islands Basin,Drainage Area Of Andaman And Nicobar Islands,CGWB,1.26,-0.18
350,14-05-2016,Andaman And Nicobar Islands,35,North And Middle Andaman,632,Long Island,12.36806,92.92,Drainage Area Of Andaman And Nicobar Islands Basin,Drainage Area Of Andaman And Nicobar Islands,CGWB,2.35,1.09
351,04-11-2016,Andaman And Nicobar Islands,35,North And Middle Andaman,632,Long Island,12.36806,92.92,Drainage Area Of Andaman And Nicobar Islands Basin,Drainage Area Of Andaman And Nicobar Islands,CGWB,1.49,-0.86
352,04-11-2017,Andaman And Nicobar Islands,35,North And Middle Andaman,632,Long Island,12.36806,92.92,Drainage Area Of Andaman And Nicobar Islands Basin,Drainage Area Of Andaman And Nicobar Islands,CGWB,0.7,-0.79
353,04-04-2018,Andaman And Nicobar Islands,35,North And Middle Andaman,632,Long Island,12.36806,92.92,Drainage Area Of Andaman And Nicobar Islands Basin,Drainage Area Of Andaman And Nicobar Islands,CGWB,2.16,1.46
354,04-04-2019,Andaman And Nicobar Islands,35,North And Middle Andaman,632,Long Island,12.36806,92.92,Drainage Area Of Andaman And Nicobar Islands Basin,Drainage Area Of Andaman And Nicobar Islands,CGWB,0.54,-1.62
355,29-11-2019,Andaman And Nicobar Islands,35,North And Middle Andaman,632,Long Island,12.36806,92.92,Drainage Area Of Andaman And Nicobar Islands Basin,Drainage Area Of Andaman And Nicobar Islands,CGWB,2.55,2.01
356,14-05-2014,Andaman And Nicobar Islands,35,North And Middle Andaman,632,Kishorinagar (Parangara),13.16528,92.88139,Drainage Area Of Andaman And Nicobar Islands Basin,Drainage Area Of Andaman And Nicobar Islands,CGWB,3.45,0.85
